Model,Dataset,Accuracy,Precision,Recall,F1,ROC-AUC
Logistic Regression,Train,0.24318128982424214,0.0034796349181528637,0.957861350249207,0.006934080315936905,0.6891166112304817
Logistic Regression,Test,0.24322067793220678,0.0035687477777631457,0.9328743545611016,0.007110294841100652,0.6842635718836776
Random Forest,Train,0.9575716367654153,0.02519223289351644,0.3815133665609425,0.0472635419590233,0.9623767353611076
Random Forest,Test,0.9563943605639436,0.014086188372925868,0.20309810671256454,0.026345166331770486,0.6451074653387261
XGBoost,Train,0.771919737825562,0.011357168026454883,0.949252378794744,0.02244578726322105,0.9015170524915571
XGBoost,Test,0.7715828417158285,0.011776166251758848,0.9363166953528399,0.023259791345989395,0.8888519388105667
