Model,Dataset,Accuracy,Precision,Recall,F1,ROC-AUC
Logistic Regression,Train,0.9972315199268071,0.2777777777777778,0.0022655188038060714,0.0044943820224719105,0.684370728247581
Logistic Regression,Test,0.997090290970903,0.0,0.0,0.0,0.6889335299801659
Random Forest,Train,0.9972452685863128,0.6666666666666666,0.002718622564567286,0.005415162454873646,0.9856114575852911
Random Forest,Test,0.997080291970803,0.0,0.0,0.0,0.6355695194901215
XGBoost,Train,0.9972440187081759,1.0,0.0009062075215224287,0.0018107741059302852,0.9551183106431661
XGBoost,Test,0.9970952904709529,0.0,0.0,0.0,0.9081501753554694
