Model,Dataset,RMSE,R2
Linear Regression,Train,422.6073197477806,0.006383446051720254
Linear Regression,Test,280.31262834168405,0.01570436223533811
Random Forest,Train,57.00294679693867,0.9819224570049407
Random Forest,Test,60.867322408485194,0.9535903142389491
XGBoost,Train,258.9717013101624,0.6268792443959144
XGBoost,Test,185.07390635368694,0.5709275632912261
