Model,Dataset,RMSE,R2
Linear Regression,Train,4.314151301622142e-12,1.0
Linear Regression,Test,2.8798766468233665e-12,1.0
Random Forest,Train,0.026295882804135848,0.9999999961530167
Random Forest,Test,0.048520991488409534,0.9999999705083163
XGBoost,Train,6.856781205109594,0.9997384315422089
XGBoost,Test,6.493860806910422,0.9994717418766282
