Model,Dataset,RMSE,R2
Linear Regression,Train,35216.144597260056,0.15705452107219442
Linear Regression,Test,36707.37202183825,0.16217450928342003
Random Forest,Train,15585.965216698374,0.8348862373853608
Random Forest,Test,35299.21072039089,0.22522254910543615
XGBoost,Train,11664.912753901966,0.907513390529123
XGBoost,Test,37614.287899825715,0.12026337747180138
